id,username,password,is_active,person_id,role_id,order_count,created_by,created_at,updated_by,updated_at
1,estradabecky,^i#x5NeXdu,False,648,4,2,admin,2024-01-09 20:07:57,,
2,jking,!E3EUc+%E0,True,781,5,4,admin,2024-09-24 10:20:01,,
3,moyerdavid,Z58(QF11@l,True,876,3,1,admin,2024-06-01 20:20:29,admin,2024-06-14 20:20:29
4,jamiehancock,5L%6PNl9&(,True,586,1,6,admin,2024-03-15 14:46:40,admin,2024-04-13 14:46:40
5,danielle86,IR@#5GihO),True,915,5,10,admin,2024-06-20 00:28:13,admin,2024-07-13 00:28:13
6,barrynichols,rt6T^v$9_2,True,145,1,6,admin,2024-06-29 18:24:43,,
7,andrew87,#CXyHcjJN1,True,726,4,8,admin,2024-02-06 10:20:33,admin,2024-03-04 10:20:33
8,hmahoney,*fj+Oo7z1Y,True,339,3,5,admin,2024-02-08 11:08:08,,
9,kurt61,(w5iJm&SG9,True,371,2,3,admin,2024-09-07 19:57:09,admin,2024-10-05 19:57:09
10,tarasanchez,BQ@e)f3m@1,False,469,3,6,admin,2024-06-09 07:27:06,admin,2024-06-19 07:27:06
11,rodriguezsean,t6Kwz^3u%0,True,802,3,7,admin,2024-05-07 17:21:45,,
12,larryphillips,w2s(!zL(_8,True,186,3,6,admin,2024-07-22 17:48:54,,
13,reedlori,N8vcyWnt!j,True,149,4,5,admin,2024-06-26 05:43:00,admin,2024-07-06 05:43:00
14,steventorres,S52VWjeI!z,True,289,3,3,admin,2024-07-17 08:04:08,,
15,kyle54,!X9Pe6Oym@,False,645,2,8,admin,2024-04-06 19:04:52,admin,2024-04-28 19:04:52
16,daniel09,e*1HsFCil*,False,714,2,1,admin,2024-05-16 16:16:40,admin,2024-05-22 16:16:40
17,greerdevin,_djVMIRm#7,True,418,4,4,admin,2024-07-11 17:19:50,admin,2024-07-26 17:19:50
18,bwilson,&vyh4MptaA,True,491,5,4,admin,2024-09-17 19:06:01,,
19,bowenbrittney,$K2Zl67i&3,True,278,2,10,admin,2024-03-23 03:39:14,admin,2024-04-05 03:39:14
20,holtjesse,t+K1oUShnO,True,905,5,9,admin,2024-07-09 19:47:10,admin,2024-07-14 19:47:10
21,donna56,H_zpU5TgOB,False,617,2,6,admin,2024-08-31 13:14:55,admin,2024-09-15 13:14:55
22,cowandarius,d7TUctIN&9,False,959,1,2,admin,2024-05-04 05:05:24,admin,2024-05-15 05:05:24
23,tracy23,xI_C5Pb0%s,True,105,5,6,admin,2024-08-20 01:46:04,,
24,horneedward,C6_BXLXu$*,False,963,1,4,admin,2024-08-12 05:40:41,,
25,kellypotter,9_6lEQfe%2,False,980,5,4,admin,2024-06-21 00:28:50,,
26,yvonnebecker,)_uNo1Ieaf,False,351,1,8,admin,2024-05-04 12:11:13,,
27,fitzgeraldjeffrey,j_&@9Co*VE,True,966,5,8,admin,2024-06-19 11:24:46,admin,2024-07-01 11:24:46
28,amygibson,@oUhFwYFS8,True,173,2,1,admin,2024-03-22 10:09:31,admin,2024-04-07 10:09:31
29,marknorris,O_hZOey+)6,False,324,5,8,admin,2024-01-31 02:54:52,,
30,parkermallory,%S_7Yr^reQ,True,709,3,3,admin,2024-08-01 20:46:19,admin,2024-08-12 20:46:19
31,jamesroberts,Pj$3PKo@T),False,382,1,4,admin,2024-09-23 05:50:25,,
32,owenserin,a7Sxp(n%$n,True,512,4,9,admin,2024-02-27 17:09:00,admin,2024-03-26 17:09:00
33,andrew81,EuZDa0Now!,True,240,4,10,admin,2024-07-11 20:44:13,,
34,yodersarah,nD3HwsXew+,True,841,2,9,admin,2024-01-27 16:49:42,admin,2024-02-26 16:49:42
35,joseph24,v*e(E9OuG(,True,101,2,7,admin,2024-08-21 03:51:59,admin,2024-09-10 03:51:59
36,pughgregory,6&TvjxrY^2,True,304,1,2,admin,2024-05-20 11:35:39,,
37,valerie53,$6eUyW)j@8,False,928,4,4,admin,2024-06-07 09:27:22,,
38,marshallbreanna,@11PkFuoHa,True,577,2,10,admin,2024-06-07 04:50:35,admin,2024-06-15 04:50:35
39,changnicole,^$3Bqa7s7v,False,692,2,2,admin,2024-03-26 04:19:55,,
40,yschmidt,1F#1QXub+C,True,485,2,5,admin,2024-01-21 14:08:21,,
41,andersongina,^_1Nzl%tKd,False,333,5,0,admin,2024-01-31 05:13:32,admin,2024-02-24 05:13:32
42,jenniferwood,m76wyA%a#s,False,209,4,10,admin,2024-03-20 15:38:20,,
43,corey42,vUHGR!Oq#5,False,593,2,6,admin,2024-09-25 09:42:29,,
44,kleinsabrina,)i8DrxsVi0,False,615,1,2,admin,2024-08-08 12:39:10,,
45,plarson,U%6kL#eyel,False,853,4,3,admin,2024-02-08 14:48:28,,
46,hickmancharles,)z8MgFlpw$,True,589,4,6,admin,2024-01-14 21:55:44,admin,2024-01-30 21:55:44
47,elizabethyoder,GX2(zSjzn^,True,195,5,2,admin,2024-09-18 16:02:08,,
48,stacyhernandez,Y5Vf04l9+B,True,609,2,5,admin,2024-01-27 22:20:29,admin,2024-02-03 22:20:29
49,johngross,s0u*DjSs@z,True,306,3,5,admin,2024-05-03 20:43:22,,
50,jeffreymedina,Ih&NW!@x*5,True,160,2,8,admin,2024-05-28 02:54:46,admin,2024-06-10 02:54:46
51,chenisaac,)5CZ1nWa73,True,144,1,1,admin,2024-01-03 08:11:01,admin,2024-01-28 08:11:01
52,jason73,*qZU&6Gp(e,False,156,3,1,admin,2024-06-08 04:04:21,,
53,morganconnor,&h$JmrEeU5,False,113,2,6,admin,2024-08-10 18:28:12,admin,2024-09-08 18:28:12
54,victoriariggs,U35nVeO8@N,True,906,5,1,admin,2024-01-21 09:57:51,,
55,alexanderwalker,i0DZsn3C&),False,831,5,4,admin,2024-02-24 01:19:32,admin,2024-03-17 01:19:32
56,jacksonangel,4$)g9KodcO,True,310,3,8,admin,2024-01-30 18:30:05,admin,2024-02-16 18:30:05
57,sfisher,)+T1E*c#W(,True,828,4,9,admin,2024-09-16 01:38:41,admin,2024-10-07 01:38:41
58,angelica58,_(LygU+#3K,False,352,5,8,admin,2024-06-02 10:35:39,,
59,ivega,0bEI*AKC*+,True,116,1,0,admin,2024-03-30 21:24:58,,
60,karen62,E7FI1ii9#f,True,164,1,9,admin,2024-07-28 17:10:12,admin,2024-08-13 17:10:12
61,mwebster,&7Xe#X8GSo,False,927,5,2,admin,2024-02-03 14:42:18,,
62,michael88,^zeNgUYe5j,True,134,2,5,admin,2024-01-30 18:16:09,,
63,amanda38,(pN52FLrY),True,532,3,7,admin,2024-03-02 10:28:38,,
64,john21,10#YkFAn!f,True,403,5,3,admin,2024-07-02 19:38:10,,
65,whiterebecca,gCb)5GuV#2,True,139,2,3,admin,2024-02-20 11:02:27,admin,2024-03-13 11:02:27
66,hughesbrittany,ABIOyouZ#5,False,660,1,4,admin,2024-02-27 11:06:34,admin,2024-03-15 11:06:34
67,mgonzalez,Vi))8mMqhv,False,243,3,10,admin,2024-06-14 18:37:25,admin,2024-07-02 18:37:25
68,michelle56,6lzE_5yz^m,True,622,4,9,admin,2024-01-19 06:44:50,admin,2024-01-26 06:44:50
69,meghanmendez,Cs9k6sY*$&,True,115,3,7,admin,2024-01-03 20:58:08,,
70,burchsusan,SeAQZH*v^1,True,879,1,8,admin,2024-07-14 07:23:21,admin,2024-08-07 07:23:21
71,leejustin,gW326Yuu&I,False,815,3,10,admin,2024-01-05 20:33:56,admin,2024-01-08 20:33:56
72,crystalbailey,@+44_5ts9E,False,942,3,4,admin,2024-02-13 15:33:42,admin,2024-03-09 15:33:42
73,ronald05,GYNHflPB)6,True,122,5,8,admin,2024-04-20 23:35:17,admin,2024-04-26 23:35:17
74,saramiller,P86CcH%)&m,True,811,5,10,admin,2024-01-01 07:53:42,,
75,jamesrobinson,s7oTLh)9^l,True,149,5,5,admin,2024-04-25 02:37:46,,
76,williamshaley,(LfOi1tm1Z,False,617,3,3,admin,2024-08-11 12:53:55,,
77,jamesestes,#BP98IphhV,False,625,4,6,admin,2024-05-26 12:34:34,admin,2024-06-18 12:34:34
78,dawn96,2U@k6Gq0du,False,819,4,10,admin,2024-03-11 11:56:33,admin,2024-03-29 11:56:33
79,teresarocha,@7*!pYh4kA,True,739,5,4,admin,2024-05-03 23:05:34,,
80,fjensen,x4zMAjnd+C,False,979,1,10,admin,2024-07-20 18:56:42,,
81,stricklandbrooke,@&IVnBgn6X,True,632,4,9,admin,2024-01-03 02:34:06,,
82,boltonlance,$3$#UMLinu,False,559,3,3,admin,2024-06-29 01:13:17,admin,2024-07-05 01:13:17
83,melissa57,HizZx7JD^3,True,667,1,3,admin,2024-06-01 03:27:57,admin,2024-06-13 03:27:57
84,howardelizabeth,+yjOkK044D,True,263,5,5,admin,2024-07-05 08:04:20,admin,2024-07-24 08:04:20
85,judithmoreno,x*39QPJ2Qd,True,302,1,2,admin,2024-07-23 00:25:29,admin,2024-07-29 00:25:29
86,khughes,7$wanXL++h,True,927,5,8,admin,2024-04-30 02:18:39,,
87,randallhines,UZ7Y7zdb@m,True,992,5,0,admin,2024-07-14 03:39:39,,
88,lmacdonald,1KAOpj*9^O,True,322,5,1,admin,2024-05-29 11:29:49,,
89,brenda72,Fa7cfyM4m_,True,143,2,6,admin,2024-03-24 01:09:49,,
90,emily02,P7zE3b9o)3,False,410,2,7,admin,2024-08-26 16:30:40,admin,2024-09-15 16:30:40
91,curtisbell,#5$QMoGMxi,False,637,2,2,admin,2024-03-14 19:52:14,admin,2024-03-25 19:52:14
92,johnsonkyle,67eloUcE$L,False,435,3,10,admin,2024-06-02 05:45:02,,
93,marksavage,*wSJiOhl9%,False,637,1,6,admin,2024-09-16 15:21:56,admin,2024-10-13 15:21:56
94,arielperez,4#S0RX%qb#,True,142,2,7,admin,2024-03-29 16:07:00,admin,2024-04-12 16:07:00
95,ksmith,A*5*9NzTNZ,False,705,1,2,admin,2024-04-06 06:46:56,,
96,matthewstewart,&f7A_n4l#g,False,625,1,0,admin,2024-05-03 23:23:24,,
97,jaguirre,**mF05HkRZ,False,330,2,6,admin,2024-05-29 17:57:13,admin,2024-06-04 17:57:13
98,ddavis,IZ*po5Qke+,True,121,4,2,admin,2024-03-05 16:15:13,admin,2024-03-07 16:15:13
99,chadwatkins,U^33D9drtC,False,408,4,2,admin,2024-04-13 05:06:59,,
100,erik97,)1lsP%Ye(l,False,297,3,6,admin,2024-08-03 09:14:44,admin,2024-08-05 09:14:44
